example_id,dataset,split,num_generations,mean_num_generated_tokens,mean_sequence_logprob,mean_token_logprob,mean_sequence_nll,mean_normalized_nll,mean_token_entropy,max_token_entropy,sample_consistency_exact
10135926,pubmedqa,dev,5,111.6000000000,-26.1065942638,-0.2392140024,26.1065942638,0.2392140024,0.2563104199,1.8906948566,0.2000000000
10158597,pubmedqa,dev,5,128.0000000000,-36.1678937055,-0.2825616696,36.1678937055,0.2825616696,0.2694843678,1.8593657017,0.2000000000
10173769,pubmedqa,dev,5,128.0000000000,-40.6118043423,-0.3172797214,40.6118043423,0.3172797214,0.2962273108,2.1502466202,0.2000000000
10201555,pubmedqa,dev,5,128.0000000000,-28.4371070407,-0.2221648988,28.4371070407,0.2221648988,0.2243710055,1.8166481256,0.2000000000
10223070,pubmedqa,dev,5,128.0000000000,-27.0241287671,-0.2111260060,27.0241287671,0.2111260060,0.2089762249,2.0002281666,0.2000000000
10331115,pubmedqa,dev,5,128.0000000000,-38.0966669641,-0.2976302107,38.0966669641,0.2976302107,0.2932987449,1.9488542080,0.2000000000
10340286,pubmedqa,dev,5,128.0000000000,-28.7851730868,-0.2248841647,28.7851730868,0.2248841647,0.2254996854,2.4265851974,0.2000000000
10354335,pubmedqa,dev,5,122.4000000000,-39.2011185735,-0.3186529388,39.2011185735,0.3186529388,0.3328167715,2.1195218563,0.2000000000
10375486,pubmedqa,dev,5,122.6000000000,-34.4504276067,-0.2797305386,34.4504276067,0.2797305386,0.2688257420,2.1493983269,0.2000000000
10381996,pubmedqa,dev,5,125.2000000000,-28.3644747250,-0.2263109958,28.3644747250,0.2263109958,0.2460386705,2.4471240044,0.2000000000
10401824,pubmedqa,dev,5,128.0000000000,-40.4455725677,-0.3159810357,40.4455725677,0.3159810357,0.3086215872,2.1572754383,0.2000000000
10411439,pubmedqa,dev,5,128.0000000000,-35.3623165786,-0.2762680983,35.3623165786,0.2762680983,0.2921099946,1.9009373188,0.2000000000
10430303,pubmedqa,dev,5,128.0000000000,-38.7275847867,-0.3025592561,38.7275847867,0.3025592561,0.2871727787,2.0037891865,0.2000000000
10456814,pubmedqa,dev,5,128.0000000000,-19.6089375943,-0.1531948250,19.6089375943,0.1531948250,0.1484594745,1.6885603666,0.2000000000
10473855,pubmedqa,dev,5,128.0000000000,-39.1456059799,-0.3058250467,39.1456059799,0.3058250467,0.3054473605,1.9815838337,0.2000000000
10490564,pubmedqa,dev,5,123.6000000000,-30.5334206223,-0.2483130488,30.5334206223,0.2483130488,0.2506748762,2.0054421425,0.2000000000
10548670,pubmedqa,dev,5,128.0000000000,-33.7341227524,-0.2635478340,33.7341227524,0.2635478340,0.2739681445,2.0231344700,0.2000000000
10575390,pubmedqa,dev,5,125.0000000000,-33.2908934876,-0.2656422754,33.2908934876,0.2656422754,0.2643272015,2.1821043491,0.2000000000
10577397,pubmedqa,dev,5,128.0000000000,-40.0376489319,-0.3127941323,40.0376489319,0.3127941323,0.3106594335,2.2738301754,0.2000000000
10593212,pubmedqa,dev,5,105.6000000000,-25.5187548235,-0.2470964875,25.5187548235,0.2470964875,0.2464367046,1.8990936279,0.2000000000
10605400,pubmedqa,dev,5,128.0000000000,-47.4385670297,-0.3706138049,47.4385670297,0.3706138049,0.3520236273,2.2914578915,0.2000000000
10732884,pubmedqa,dev,5,128.0000000000,-31.3695281908,-0.2450744390,31.3695281908,0.2450744390,0.2413274692,2.1158356667,0.2000000000
10749257,pubmedqa,dev,5,127.4000000000,-25.8087703928,-0.2030680882,25.8087703928,0.2030680882,0.1935976951,2.0668733120,0.2000000000
10757151,pubmedqa,dev,5,128.0000000000,-44.3776904881,-0.3467007069,44.3776904881,0.3467007069,0.3451362936,2.3362860680,0.2000000000
10759659,pubmedqa,dev,5,127.8000000000,-32.8311758816,-0.2569311553,32.8311758816,0.2569311553,0.2597522687,1.9322439432,0.2000000000
10781708,pubmedqa,dev,5,128.0000000000,-46.1874213181,-0.3608392290,46.1874213181,0.3608392290,0.3178245502,2.0164780617,0.2000000000
10783841,pubmedqa,dev,5,128.0000000000,-24.2185277387,-0.1892072480,24.2185277387,0.1892072480,0.1812515379,1.4821057320,0.2000000000
10798511,pubmedqa,dev,5,128.0000000000,-63.7179873601,-0.4977967763,63.7179873601,0.4977967763,0.4473980063,2.3123717308,0.2000000000
10808977,pubmedqa,dev,5,124.4000000000,-27.5628034271,-0.2195783498,27.5628034271,0.2195783498,0.2128103421,1.7346144915,0.2000000000
10811329,pubmedqa,dev,5,128.0000000000,-24.7468991816,-0.1933351499,24.7468991816,0.1933351499,0.2226110016,2.0327119827,0.2000000000
10834864,pubmedqa,dev,5,128.0000000000,-20.5080940571,-0.1602194848,20.5080940571,0.1602194848,0.1559718251,1.6527314186,0.2000000000
10877371,pubmedqa,dev,5,128.0000000000,-30.8940929763,-0.2413601014,30.8940929763,0.2413601014,0.2331121598,2.1477892399,0.2000000000
10922093,pubmedqa,dev,5,123.6000000000,-31.5989481382,-0.2549669494,31.5989481382,0.2549669494,0.2443772567,2.0016670227,0.2000000000
10927144,pubmedqa,dev,5,104.4000000000,-22.8709681615,-0.2186233865,22.8709681615,0.2186233865,0.2151159207,1.9982217550,0.2000000000
10966337,pubmedqa,dev,5,128.0000000000,-39.5388662446,-0.3088973925,39.5388662446,0.3088973925,0.2908070390,2.1168680191,0.2000000000
10966943,pubmedqa,dev,5,119.8000000000,-36.4498926930,-0.3065164469,36.4498926930,0.3065164469,0.2964512697,1.9691437483,0.2000000000
10973547,pubmedqa,dev,5,128.0000000000,-39.3168132842,-0.3071626038,39.3168132842,0.3071626038,0.3124855984,1.8541398048,0.2000000000
11034241,pubmedqa,dev,5,128.0000000000,-37.5957659692,-0.2937169216,37.5957659692,0.2937169216,0.2883715323,2.0980525017,0.2000000000
11035130,pubmedqa,dev,5,127.6000000000,-45.1142486036,-0.3534647570,45.1142486036,0.3534647570,0.3384427142,2.1552500725,0.2000000000
11053064,pubmedqa,dev,5,128.0000000000,-33.4231499650,-0.2611183591,33.4231499650,0.2611183591,0.2576603829,1.9166922569,0.2000000000
11079675,pubmedqa,dev,5,128.0000000000,-40.8740552075,-0.3193285563,40.8740552075,0.3193285563,0.3095825379,2.1922864914,0.2000000000
11138995,pubmedqa,dev,5,128.0000000000,-28.5616575081,-0.2231379493,28.5616575081,0.2231379493,0.2259467689,2.2622084618,0.2000000000
11146778,pubmedqa,dev,5,128.0000000000,-45.9887740925,-0.3592872976,45.9887740925,0.3592872976,0.3680289832,1.9898428917,0.2000000000
11149643,pubmedqa,dev,5,128.0000000000,-33.0160172969,-0.2579376351,33.0160172969,0.2579376351,0.2390741879,2.0058917999,0.2000000000
11247896,pubmedqa,dev,5,127.4000000000,-55.1938190609,-0.4331302193,55.1938190609,0.4331302193,0.4250974479,2.1160502434,0.2000000000
11296674,pubmedqa,dev,5,128.0000000000,-52.5165363297,-0.4102854401,52.5165363297,0.4102854401,0.4159009432,2.1794400215,0.2000000000
11334578,pubmedqa,dev,5,128.0000000000,-38.7249687903,-0.3025388187,38.7249687903,0.3025388187,0.3248357538,1.9958829880,0.2000000000
11340218,pubmedqa,dev,5,112.2000000000,-30.9074737407,-0.2743426052,30.9074737407,0.2743426052,0.2764813542,1.7185026407,0.2000000000
11380492,pubmedqa,dev,5,128.0000000000,-40.0619612977,-0.3129840726,40.0619612977,0.3129840726,0.3115900768,2.3812077045,0.2000000000
11411430,pubmedqa,dev,5,128.0000000000,-27.6774963446,-0.2162304402,27.6774963446,0.2162304402,0.2001446474,2.0847229958,0.2000000000
