example_id,dataset,split,sample_id,model_name,generation_level,num_generated_tokens,sequence_logprob,mean_token_logprob,sequence_nll,normalized_nll,mean_token_entropy,max_token_entropy
10135926,pubmedqa,dev,0,Qwen/Qwen2.5-7B-Instruct,level4,128,-25.9687207416,-0.2028806308,25.9687207416,0.2028806308,0.2091571991,1.6597661972
10135926,pubmedqa,dev,1,Qwen/Qwen2.5-7B-Instruct,level4,114,-13.9634621926,-0.1224865105,13.9634621926,0.1224865105,0.1638394780,1.2580181360
10135926,pubmedqa,dev,2,Qwen/Qwen2.5-7B-Instruct,level4,102,-28.9301152900,-0.2836285813,28.9301152900,0.2836285813,0.3319848402,1.8906948566
10135926,pubmedqa,dev,3,Qwen/Qwen2.5-7B-Instruct,level4,86,-27.5913307443,-0.3208294273,27.5913307443,0.3208294273,0.2915837806,1.7191004753
10135926,pubmedqa,dev,4,Qwen/Qwen2.5-7B-Instruct,level4,128,-34.0793423504,-0.2662448621,34.0793423504,0.2662448621,0.2849868016,1.6222263575
10158597,pubmedqa,dev,0,Qwen/Qwen2.5-7B-Instruct,level4,128,-23.1405928843,-0.1807858819,23.1405928843,0.1807858819,0.1995495935,1.4119129181
10158597,pubmedqa,dev,1,Qwen/Qwen2.5-7B-Instruct,level4,128,-48.2888295874,-0.3772564812,48.2888295874,0.3772564812,0.3137884093,1.7575095892
10158597,pubmedqa,dev,2,Qwen/Qwen2.5-7B-Instruct,level4,128,-40.0208898783,-0.3126632022,40.0208898783,0.3126632022,0.3509031512,1.8593657017
10158597,pubmedqa,dev,3,Qwen/Qwen2.5-7B-Instruct,level4,128,-41.6826041676,-0.3256453451,41.6826041676,0.3256453451,0.2746344100,1.6784970760
10158597,pubmedqa,dev,4,Qwen/Qwen2.5-7B-Instruct,level4,128,-27.7065520100,-0.2164574376,27.7065520100,0.2164574376,0.2085462748,1.2886371613
10173769,pubmedqa,dev,0,Qwen/Qwen2.5-7B-Instruct,level4,128,-47.9180865958,-0.3743600515,47.9180865958,0.3743600515,0.3586290870,2.1502466202
10173769,pubmedqa,dev,1,Qwen/Qwen2.5-7B-Instruct,level4,128,-39.1761837527,-0.3060639356,39.1761837527,0.3060639356,0.2371256126,1.8585603237
10173769,pubmedqa,dev,2,Qwen/Qwen2.5-7B-Instruct,level4,128,-50.9829094857,-0.3983039804,50.9829094857,0.3983039804,0.4020197337,1.4432222843
10173769,pubmedqa,dev,3,Qwen/Qwen2.5-7B-Instruct,level4,128,-43.0765480399,-0.3365355316,43.0765480399,0.3365355316,0.2864967962,1.8348881006
10173769,pubmedqa,dev,4,Qwen/Qwen2.5-7B-Instruct,level4,128,-21.9052938372,-0.1711351081,21.9052938372,0.1711351081,0.1968653247,1.5621767044
10201555,pubmedqa,dev,0,Qwen/Qwen2.5-7B-Instruct,level4,128,-32.9422796369,-0.2573615597,32.9422796369,0.2573615597,0.2620095157,1.8141751289
10201555,pubmedqa,dev,1,Qwen/Qwen2.5-7B-Instruct,level4,128,-25.4149785526,-0.1985545199,25.4149785526,0.1985545199,0.2203715796,1.3321834803
10201555,pubmedqa,dev,2,Qwen/Qwen2.5-7B-Instruct,level4,128,-33.9659909084,-0.2653593040,33.9659909084,0.2653593040,0.2732563592,1.8166481256
10201555,pubmedqa,dev,3,Qwen/Qwen2.5-7B-Instruct,level4,128,-27.3285817951,-0.2135045453,27.3285817951,0.2135045453,0.2118962505,1.6182971001
10201555,pubmedqa,dev,4,Qwen/Qwen2.5-7B-Instruct,level4,128,-22.5337043107,-0.1760445649,22.5337043107,0.1760445649,0.1543213225,1.3090662956
10223070,pubmedqa,dev,0,Qwen/Qwen2.5-7B-Instruct,level4,128,-28.1549464390,-0.2199605191,28.1549464390,0.2199605191,0.2197365522,1.4322907925
10223070,pubmedqa,dev,1,Qwen/Qwen2.5-7B-Instruct,level4,128,-19.2594357096,-0.1504643415,19.2594357096,0.1504643415,0.1622064234,1.5944772959
10223070,pubmedqa,dev,2,Qwen/Qwen2.5-7B-Instruct,level4,128,-44.8076682016,-0.3500599078,44.8076682016,0.3500599078,0.3055414510,2.0002281666
10223070,pubmedqa,dev,3,Qwen/Qwen2.5-7B-Instruct,level4,128,-24.5341330841,-0.1916729147,24.5341330841,0.1916729147,0.1881130107,1.7364847660
10223070,pubmedqa,dev,4,Qwen/Qwen2.5-7B-Instruct,level4,128,-18.3644604012,-0.1434723469,18.3644604012,0.1434723469,0.1692836874,1.4897563457
10331115,pubmedqa,dev,0,Qwen/Qwen2.5-7B-Instruct,level4,128,-44.1252607480,-0.3447285996,44.1252607480,0.3447285996,0.3407537359,1.9362853765
10331115,pubmedqa,dev,1,Qwen/Qwen2.5-7B-Instruct,level4,128,-37.1715085059,-0.2904024102,37.1715085059,0.2904024102,0.2727223679,1.8621633053
10331115,pubmedqa,dev,2,Qwen/Qwen2.5-7B-Instruct,level4,128,-34.6783989966,-0.2709249922,34.6783989966,0.2709249922,0.2782470146,1.6264278889
10331115,pubmedqa,dev,3,Qwen/Qwen2.5-7B-Instruct,level4,128,-47.4964907989,-0.3710663344,47.4964907989,0.3710663344,0.3462008543,1.7908761501
10331115,pubmedqa,dev,4,Qwen/Qwen2.5-7B-Instruct,level4,128,-27.0116757713,-0.2110287170,27.0116757713,0.2110287170,0.2285697517,1.9488542080
10340286,pubmedqa,dev,0,Qwen/Qwen2.5-7B-Instruct,level4,128,-21.3408607021,-0.1667254742,21.3408607021,0.1667254742,0.2072091437,1.5075806379
10340286,pubmedqa,dev,1,Qwen/Qwen2.5-7B-Instruct,level4,128,-24.5931307524,-0.1921338340,24.5931307524,0.1921338340,0.2215648112,1.8020656109
10340286,pubmedqa,dev,2,Qwen/Qwen2.5-7B-Instruct,level4,128,-30.3632456735,-0.2372128568,30.3632456735,0.2372128568,0.2369584145,1.7893446684
10340286,pubmedqa,dev,3,Qwen/Qwen2.5-7B-Instruct,level4,128,-38.5153397731,-0.3009010920,38.5153397731,0.3009010920,0.2613443953,2.4265851974
10340286,pubmedqa,dev,4,Qwen/Qwen2.5-7B-Instruct,level4,128,-29.1132885329,-0.2274475667,29.1132885329,0.2274475667,0.2004216622,1.7365942001
10354335,pubmedqa,dev,0,Qwen/Qwen2.5-7B-Instruct,level4,128,-32.6949299201,-0.2554291400,32.6949299201,0.2554291400,0.2960994724,1.9275703430
10354335,pubmedqa,dev,1,Qwen/Qwen2.5-7B-Instruct,level4,128,-40.5885669217,-0.3170981791,40.5885669217,0.3170981791,0.3267461759,1.9275703430
10354335,pubmedqa,dev,2,Qwen/Qwen2.5-7B-Instruct,level4,128,-51.0146149471,-0.3985516793,51.0146149471,0.3985516793,0.3866597378,2.0172679424
10354335,pubmedqa,dev,3,Qwen/Qwen2.5-7B-Instruct,level4,100,-28.3295999765,-0.2832959998,28.3295999765,0.2832959998,0.3644288366,1.9275703430
10354335,pubmedqa,dev,4,Qwen/Qwen2.5-7B-Instruct,level4,128,-43.3778811023,-0.3388896961,43.3778811023,0.3388896961,0.2901496349,2.1195218563
10375486,pubmedqa,dev,0,Qwen/Qwen2.5-7B-Instruct,level4,101,-25.3450397775,-0.2509409879,25.3450397775,0.2509409879,0.2428144771,1.5721110106
10375486,pubmedqa,dev,1,Qwen/Qwen2.5-7B-Instruct,level4,128,-34.7117264979,-0.2711853633,34.7117264979,0.2711853633,0.2871160161,1.6758294106
10375486,pubmedqa,dev,2,Qwen/Qwen2.5-7B-Instruct,level4,128,-49.6537042856,-0.3879195647,49.6537042856,0.3879195647,0.3558429040,2.1493983269
10375486,pubmedqa,dev,3,Qwen/Qwen2.5-7B-Instruct,level4,128,-23.7480243295,-0.1855314401,23.7480243295,0.1855314401,0.1806666474,1.4905138016
10375486,pubmedqa,dev,4,Qwen/Qwen2.5-7B-Instruct,level4,128,-38.7936431430,-0.3030753371,38.7936431430,0.3030753371,0.2776886654,1.3299931288
10381996,pubmedqa,dev,0,Qwen/Qwen2.5-7B-Instruct,level4,128,-31.3402711451,-0.2448458683,31.3402711451,0.2448458683,0.2569044081,1.7468889952
10381996,pubmedqa,dev,1,Qwen/Qwen2.5-7B-Instruct,level4,128,-35.1354100443,-0.2744953910,35.1354100443,0.2744953910,0.2735799518,1.6478065252
10381996,pubmedqa,dev,2,Qwen/Qwen2.5-7B-Instruct,level4,114,-24.5642615333,-0.2154759784,24.5642615333,0.2154759784,0.2462323002,2.4471240044
10381996,pubmedqa,dev,3,Qwen/Qwen2.5-7B-Instruct,level4,128,-29.5912366435,-0.2311815363,29.5912366435,0.2311815363,0.2540656872,2.1339013577
10381996,pubmedqa,dev,4,Qwen/Qwen2.5-7B-Instruct,level4,128,-21.1911942586,-0.1655562051,21.1911942586,0.1655562051,0.1994110050,1.5064632893
10401824,pubmedqa,dev,0,Qwen/Qwen2.5-7B-Instruct,level4,128,-33.4860228002,-0.2616095531,33.4860228002,0.2616095531,0.2625906295,1.5225946903
10401824,pubmedqa,dev,1,Qwen/Qwen2.5-7B-Instruct,level4,128,-34.8924740776,-0.2725974537,34.8924740776,0.2725974537,0.2557452279,1.5902061462
10401824,pubmedqa,dev,2,Qwen/Qwen2.5-7B-Instruct,level4,128,-46.3621915206,-0.3622046213,46.3621915206,0.3622046213,0.3501333208,1.9373077154
10401824,pubmedqa,dev,3,Qwen/Qwen2.5-7B-Instruct,level4,128,-51.2771200016,-0.4006025000,51.2771200016,0.4006025000,0.3983785058,2.1572754383
10401824,pubmedqa,dev,4,Qwen/Qwen2.5-7B-Instruct,level4,128,-36.2100544386,-0.2828910503,36.2100544386,0.2828910503,0.2762602520,1.9014046192
10411439,pubmedqa,dev,0,Qwen/Qwen2.5-7B-Instruct,level4,128,-31.1159222052,-0.2430931422,31.1159222052,0.2430931422,0.2945261409,1.6959621906
10411439,pubmedqa,dev,1,Qwen/Qwen2.5-7B-Instruct,level4,128,-32.6927384958,-0.2554120195,32.6927384958,0.2554120195,0.2925657766,1.8145394325
10411439,pubmedqa,dev,2,Qwen/Qwen2.5-7B-Instruct,level4,128,-28.3544572890,-0.2215191976,28.3544572890,0.2215191976,0.2412863722,1.9009373188
10411439,pubmedqa,dev,3,Qwen/Qwen2.5-7B-Instruct,level4,128,-35.6059635468,-0.2781715902,35.6059635468,0.2781715902,0.2991074095,1.5050547123
10411439,pubmedqa,dev,4,Qwen/Qwen2.5-7B-Instruct,level4,128,-49.0425013565,-0.3831445418,49.0425013565,0.3831445418,0.3330642738,1.7970498800
10430303,pubmedqa,dev,0,Qwen/Qwen2.5-7B-Instruct,level4,128,-36.9284532070,-0.2885035407,36.9284532070,0.2885035407,0.2709718631,1.6088247299
10430303,pubmedqa,dev,1,Qwen/Qwen2.5-7B-Instruct,level4,128,-43.2366150096,-0.3377860548,43.2366150096,0.3377860548,0.3399175105,2.0037891865
10430303,pubmedqa,dev,2,Qwen/Qwen2.5-7B-Instruct,level4,128,-36.9574762881,-0.2887302835,36.9574762881,0.2887302835,0.2652815552,1.7953830957
10430303,pubmedqa,dev,3,Qwen/Qwen2.5-7B-Instruct,level4,128,-34.3163990527,-0.2680968676,34.3163990527,0.2680968676,0.2621189321,1.8714842796
10430303,pubmedqa,dev,4,Qwen/Qwen2.5-7B-Instruct,level4,128,-42.1989803761,-0.3296795342,42.1989803761,0.3296795342,0.2975740326,1.6878712177
10456814,pubmedqa,dev,0,Qwen/Qwen2.5-7B-Instruct,level4,128,-21.2814632542,-0.1662614317,21.2814632542,0.1662614317,0.1369329707,1.2983533144
10456814,pubmedqa,dev,1,Qwen/Qwen2.5-7B-Instruct,level4,128,-15.5589863323,-0.1215545807,15.5589863323,0.1215545807,0.1368448539,1.2163035870
10456814,pubmedqa,dev,2,Qwen/Qwen2.5-7B-Instruct,level4,128,-16.8040199205,-0.1312814056,16.8040199205,0.1312814056,0.1704954150,1.3763359785
10456814,pubmedqa,dev,3,Qwen/Qwen2.5-7B-Instruct,level4,128,-14.9939272739,-0.1171400568,14.9939272739,0.1171400568,0.1041498064,1.3748311996
10456814,pubmedqa,dev,4,Qwen/Qwen2.5-7B-Instruct,level4,128,-29.4062911905,-0.2297366499,29.4062911905,0.2297366499,0.1938743263,1.6885603666
10473855,pubmedqa,dev,0,Qwen/Qwen2.5-7B-Instruct,level4,128,-37.7697668485,-0.2950763035,37.7697668485,0.2950763035,0.2834987997,1.9309225082
10473855,pubmedqa,dev,1,Qwen/Qwen2.5-7B-Instruct,level4,128,-40.2428810075,-0.3143975079,40.2428810075,0.3143975079,0.3016062696,1.7668837309
10473855,pubmedqa,dev,2,Qwen/Qwen2.5-7B-Instruct,level4,128,-52.9334234223,-0.4135423705,52.9334234223,0.4135423705,0.3988073445,1.6454459429
10473855,pubmedqa,dev,3,Qwen/Qwen2.5-7B-Instruct,level4,128,-29.6107311659,-0.2313338372,29.6107311659,0.2313338372,0.2610294225,1.9815838337
10473855,pubmedqa,dev,4,Qwen/Qwen2.5-7B-Instruct,level4,128,-35.1712274551,-0.2747752145,35.1712274551,0.2747752145,0.2822949664,1.7896580696
10490564,pubmedqa,dev,0,Qwen/Qwen2.5-7B-Instruct,level4,128,-36.3583048508,-0.2840492566,36.3583048508,0.2840492566,0.2957174839,1.7860845327
10490564,pubmedqa,dev,1,Qwen/Qwen2.5-7B-Instruct,level4,128,-31.8940314651,-0.2491721208,31.8940314651,0.2491721208,0.2280188909,1.5400570631
10490564,pubmedqa,dev,2,Qwen/Qwen2.5-7B-Instruct,level4,106,-30.1292863078,-0.2842385501,30.1292863078,0.2842385501,0.3280267722,2.0054421425
10490564,pubmedqa,dev,3,Qwen/Qwen2.5-7B-Instruct,level4,128,-34.6946584992,-0.2710520195,34.6946584992,0.2710520195,0.2593554746,1.5279265642
10490564,pubmedqa,dev,4,Qwen/Qwen2.5-7B-Instruct,level4,128,-19.5908219889,-0.1530532968,19.5908219889,0.1530532968,0.1422557591,1.4980521202
10548670,pubmedqa,dev,0,Qwen/Qwen2.5-7B-Instruct,level4,128,-38.7773330547,-0.3029479145,38.7773330547,0.3029479145,0.3233699325,1.8631150723
10548670,pubmedqa,dev,1,Qwen/Qwen2.5-7B-Instruct,level4,128,-33.6544719487,-0.2629255621,33.6544719487,0.2629255621,0.2548758760,1.8631150723
10548670,pubmedqa,dev,2,Qwen/Qwen2.5-7B-Instruct,level4,128,-28.4742863476,-0.2224553621,28.4742863476,0.2224553621,0.2245469039,1.8631150723
10548670,pubmedqa,dev,3,Qwen/Qwen2.5-7B-Instruct,level4,128,-26.2912121750,-0.2054000951,26.2912121750,0.2054000951,0.2591462035,1.8631150723
10548670,pubmedqa,dev,4,Qwen/Qwen2.5-7B-Instruct,level4,128,-41.4733102359,-0.3240102362,41.4733102359,0.3240102362,0.3079018068,2.0231344700
10575390,pubmedqa,dev,0,Qwen/Qwen2.5-7B-Instruct,level4,113,-26.7929688804,-0.2371059193,26.7929688804,0.2371059193,0.2092897507,1.7850033045
10575390,pubmedqa,dev,1,Qwen/Qwen2.5-7B-Instruct,level4,128,-34.2471550032,-0.2675558985,34.2471550032,0.2675558985,0.2679200831,2.1406435966
10575390,pubmedqa,dev,2,Qwen/Qwen2.5-7B-Instruct,level4,128,-29.0021974370,-0.2265796675,29.0021974370,0.2265796675,0.1971485268,1.6943007708
10575390,pubmedqa,dev,3,Qwen/Qwen2.5-7B-Instruct,level4,128,-31.0756000914,-0.2427781257,31.0756000914,0.2427781257,0.2740922803,1.5934858322
10575390,pubmedqa,dev,4,Qwen/Qwen2.5-7B-Instruct,level4,128,-45.3365460262,-0.3541917658,45.3365460262,0.3541917658,0.3731853664,2.1821043491
10577397,pubmedqa,dev,0,Qwen/Qwen2.5-7B-Instruct,level4,128,-31.7911847904,-0.2483686312,31.7911847904,0.2483686312,0.2355828040,1.5477732420
10577397,pubmedqa,dev,1,Qwen/Qwen2.5-7B-Instruct,level4,128,-42.7081341892,-0.3336572984,42.7081341892,0.3336572984,0.3299384606,2.2738301754
10577397,pubmedqa,dev,2,Qwen/Qwen2.5-7B-Instruct,level4,128,-51.6418401301,-0.4034518760,51.6418401301,0.4034518760,0.4004989057,1.9658691883
10577397,pubmedqa,dev,3,Qwen/Qwen2.5-7B-Instruct,level4,128,-36.6732235551,-0.2865095590,36.6732235551,0.2865095590,0.3082596512,1.7400600910
10577397,pubmedqa,dev,4,Qwen/Qwen2.5-7B-Instruct,level4,128,-37.3738619946,-0.2919832968,37.3738619946,0.2919832968,0.2790173459,1.9313952923
10593212,pubmedqa,dev,0,Qwen/Qwen2.5-7B-Instruct,level4,128,-20.3753978387,-0.1591827956,20.3753978387,0.1591827956,0.1587131375,1.8990936279
10593212,pubmedqa,dev,1,Qwen/Qwen2.5-7B-Instruct,level4,117,-43.3553222939,-0.3705583102,43.3553222939,0.3705583102,0.3233631532,1.7920486927
10593212,pubmedqa,dev,2,Qwen/Qwen2.5-7B-Instruct,level4,88,-19.1265768632,-0.2173474644,19.1265768632,0.2173474644,0.2474963531,1.6356666088
10593212,pubmedqa,dev,3,Qwen/Qwen2.5-7B-Instruct,level4,67,-19.5265874937,-0.2914416044,19.5265874937,0.2914416044,0.3359442691,1.8064777851
10593212,pubmedqa,dev,4,Qwen/Qwen2.5-7B-Instruct,level4,128,-25.2098896280,-0.1969522627,25.2098896280,0.1969522627,0.1666666102,1.8202719688
10605400,pubmedqa,dev,0,Qwen/Qwen2.5-7B-Instruct,level4,128,-41.5472687297,-0.3245880370,41.5472687297,0.3245880370,0.3332197751,1.6470502615
10605400,pubmedqa,dev,1,Qwen/Qwen2.5-7B-Instruct,level4,128,-61.8022196367,-0.4828298409,61.8022196367,0.4828298409,0.4359866735,2.2121787071
10605400,pubmedqa,dev,2,Qwen/Qwen2.5-7B-Instruct,level4,128,-49.6588175967,-0.3879595125,49.6588175967,0.3879595125,0.3708488998,1.4458624125
10605400,pubmedqa,dev,3,Qwen/Qwen2.5-7B-Instruct,level4,128,-51.3627362847,-0.4012713772,51.3627362847,0.4012713772,0.3775673711,2.2914578915
10605400,pubmedqa,dev,4,Qwen/Qwen2.5-7B-Instruct,level4,128,-32.8217929006,-0.2564202570,32.8217929006,0.2564202570,0.2424954168,1.8346018791
10732884,pubmedqa,dev,0,Qwen/Qwen2.5-7B-Instruct,level4,128,-23.9810468853,-0.1873519288,23.9810468853,0.1873519288,0.1856637774,1.5426682234
10732884,pubmedqa,dev,1,Qwen/Qwen2.5-7B-Instruct,level4,128,-24.5111716613,-0.1914935286,24.5111716613,0.1914935286,0.2199686153,1.5675661564
10732884,pubmedqa,dev,2,Qwen/Qwen2.5-7B-Instruct,level4,128,-45.8936075047,-0.3585438086,45.8936075047,0.3585438086,0.3535720604,1.9317743778
10732884,pubmedqa,dev,3,Qwen/Qwen2.5-7B-Instruct,level4,128,-30.1544615850,-0.2355817311,30.1544615850,0.2355817311,0.2138557571,2.1158356667
10732884,pubmedqa,dev,4,Qwen/Qwen2.5-7B-Instruct,level4,128,-32.3073533177,-0.2524011978,32.3073533177,0.2524011978,0.2335771357,1.9973516464
10749257,pubmedqa,dev,0,Qwen/Qwen2.5-7B-Instruct,level4,128,-21.1539090946,-0.1652649148,21.1539090946,0.1652649148,0.1795392500,1.8707234859
10749257,pubmedqa,dev,1,Qwen/Qwen2.5-7B-Instruct,level4,125,-38.3218528554,-0.3065748228,38.3218528554,0.3065748228,0.2697844719,2.0033891201
10749257,pubmedqa,dev,2,Qwen/Qwen2.5-7B-Instruct,level4,128,-24.6217089444,-0.1923571011,24.6217089444,0.1923571011,0.1921045440,2.0668733120
10749257,pubmedqa,dev,3,Qwen/Qwen2.5-7B-Instruct,level4,128,-16.4451850504,-0.1284780082,16.4451850504,0.1284780082,0.1646039978,1.8707234859
10749257,pubmedqa,dev,4,Qwen/Qwen2.5-7B-Instruct,level4,128,-28.5011960194,-0.2226655939,28.5011960194,0.2226655939,0.1619562116,1.8707234859
10757151,pubmedqa,dev,0,Qwen/Qwen2.5-7B-Instruct,level4,128,-47.3972594813,-0.3702910897,47.3972594813,0.3702910897,0.3811576040,1.7517194748
10757151,pubmedqa,dev,1,Qwen/Qwen2.5-7B-Instruct,level4,128,-41.2995338328,-0.3226526081,41.2995338328,0.3226526081,0.2929007562,1.9742250443
10757151,pubmedqa,dev,2,Qwen/Qwen2.5-7B-Instruct,level4,128,-39.3249123096,-0.3072258774,39.3249123096,0.3072258774,0.2803905463,1.8180488348
10757151,pubmedqa,dev,3,Qwen/Qwen2.5-7B-Instruct,level4,128,-49.8759736605,-0.3896560442,49.8759736605,0.3896560442,0.3888753969,2.3362860680
10757151,pubmedqa,dev,4,Qwen/Qwen2.5-7B-Instruct,level4,128,-43.9907731563,-0.3436779153,43.9907731563,0.3436779153,0.3823571644,1.7229337692
10759659,pubmedqa,dev,0,Qwen/Qwen2.5-7B-Instruct,level4,128,-34.4130693376,-0.2688521042,34.4130693376,0.2688521042,0.3020837775,1.5899021626
10759659,pubmedqa,dev,1,Qwen/Qwen2.5-7B-Instruct,level4,128,-34.9575766474,-0.2731060676,34.9575766474,0.2731060676,0.2655923979,1.9322439432
10759659,pubmedqa,dev,2,Qwen/Qwen2.5-7B-Instruct,level4,127,-35.5676198490,-0.2800599988,35.5676198490,0.2800599988,0.2835745953,1.8532263041
10759659,pubmedqa,dev,3,Qwen/Qwen2.5-7B-Instruct,level4,128,-24.8111538142,-0.1938371392,24.8111538142,0.1938371392,0.1895204298,1.5342774391
10759659,pubmedqa,dev,4,Qwen/Qwen2.5-7B-Instruct,level4,128,-34.4064597599,-0.2688004669,34.4064597599,0.2688004669,0.2579901430,1.7694129944
10781708,pubmedqa,dev,0,Qwen/Qwen2.5-7B-Instruct,level4,128,-47.4782314040,-0.3709236828,47.4782314040,0.3709236828,0.3051227671,1.5346362591
10781708,pubmedqa,dev,1,Qwen/Qwen2.5-7B-Instruct,level4,128,-55.3988957368,-0.4328038729,55.3988957368,0.4328038729,0.3764941522,2.0164780617
10781708,pubmedqa,dev,2,Qwen/Qwen2.5-7B-Instruct,level4,128,-47.1389578432,-0.3682731081,47.1389578432,0.3682731081,0.3309318556,1.8223760128
10781708,pubmedqa,dev,3,Qwen/Qwen2.5-7B-Instruct,level4,128,-45.1516738571,-0.3527474520,45.1516738571,0.3527474520,0.3261515163,1.8356781006
10781708,pubmedqa,dev,4,Qwen/Qwen2.5-7B-Instruct,level4,128,-35.7693477497,-0.2794480293,35.7693477497,0.2794480293,0.2504224599,1.9359068871
10783841,pubmedqa,dev,0,Qwen/Qwen2.5-7B-Instruct,level4,128,-21.5696003735,-0.1685125029,21.5696003735,0.1685125029,0.1554434467,1.2039418221
10783841,pubmedqa,dev,1,Qwen/Qwen2.5-7B-Instruct,level4,128,-17.4234997258,-0.1361210916,17.4234997258,0.1361210916,0.1384906366,1.4365676641
10783841,pubmedqa,dev,2,Qwen/Qwen2.5-7B-Instruct,level4,128,-29.3421663716,-0.2292356748,29.3421663716,0.2292356748,0.2321407303,1.4821057320
10783841,pubmedqa,dev,3,Qwen/Qwen2.5-7B-Instruct,level4,128,-29.2257268950,-0.2283259914,29.2257268950,0.2283259914,0.2056804135,1.4737634659
10783841,pubmedqa,dev,4,Qwen/Qwen2.5-7B-Instruct,level4,128,-23.5316453278,-0.1838409791,23.5316453278,0.1838409791,0.1745024624,1.3080308437
10798511,pubmedqa,dev,0,Qwen/Qwen2.5-7B-Instruct,level4,128,-45.0561940558,-0.3520015161,45.0561940558,0.3520015161,0.3415146396,1.7027797699
10798511,pubmedqa,dev,1,Qwen/Qwen2.5-7B-Instruct,level4,128,-57.3715561330,-0.4482152823,57.3715561330,0.4482152823,0.3980723496,1.7377692461
10798511,pubmedqa,dev,2,Qwen/Qwen2.5-7B-Instruct,level4,128,-87.1575884409,-0.6809186597,87.1575884409,0.6809186597,0.5498433295,2.3123717308
10798511,pubmedqa,dev,3,Qwen/Qwen2.5-7B-Instruct,level4,128,-71.1408782341,-0.5557881112,71.1408782341,0.5557881112,0.5147044980,2.1036946774
10798511,pubmedqa,dev,4,Qwen/Qwen2.5-7B-Instruct,level4,128,-57.8637199365,-0.4520603120,57.8637199365,0.4520603120,0.4328552149,1.8497425318
10808977,pubmedqa,dev,0,Qwen/Qwen2.5-7B-Instruct,level4,113,-15.8894711994,-0.1406147894,15.8894711994,0.1406147894,0.1876831988,1.1950678825
10808977,pubmedqa,dev,1,Qwen/Qwen2.5-7B-Instruct,level4,128,-43.3119208068,-0.3383743813,43.3119208068,0.3383743813,0.2676263684,1.7346144915
10808977,pubmedqa,dev,2,Qwen/Qwen2.5-7B-Instruct,level4,125,-25.2877029777,-0.2023016238,25.2877029777,0.2023016238,0.2199550732,1.3393888474
10808977,pubmedqa,dev,3,Qwen/Qwen2.5-7B-Instruct,level4,128,-25.6803062707,-0.2006273927,25.6803062707,0.2006273927,0.2059033504,1.5378491879
10808977,pubmedqa,dev,4,Qwen/Qwen2.5-7B-Instruct,level4,128,-27.6446158811,-0.2159735616,27.6446158811,0.2159735616,0.1828837194,1.4273020029
10811329,pubmedqa,dev,0,Qwen/Qwen2.5-7B-Instruct,level4,128,-18.3228987455,-0.1431476464,18.3228987455,0.1431476464,0.2128661878,1.4774670601
10811329,pubmedqa,dev,1,Qwen/Qwen2.5-7B-Instruct,level4,128,-22.2504378855,-0.1738315460,22.2504378855,0.1738315460,0.2036253025,1.6811776161
10811329,pubmedqa,dev,2,Qwen/Qwen2.5-7B-Instruct,level4,128,-22.3150651082,-0.1743364462,22.3150651082,0.1743364462,0.2486417238,1.5598127842
10811329,pubmedqa,dev,3,Qwen/Qwen2.5-7B-Instruct,level4,128,-33.9242421910,-0.2650331421,33.9242421910,0.2650331421,0.2236491852,1.6649124622
10811329,pubmedqa,dev,4,Qwen/Qwen2.5-7B-Instruct,level4,128,-26.9218519777,-0.2103269686,26.9218519777,0.2103269686,0.2242726088,2.0327119827
10834864,pubmedqa,dev,0,Qwen/Qwen2.5-7B-Instruct,level4,128,-17.6386934891,-0.1378022929,17.6386934891,0.1378022929,0.1122198396,1.3020309210
10834864,pubmedqa,dev,1,Qwen/Qwen2.5-7B-Instruct,level4,128,-16.8081691712,-0.1313138217,16.8081691712,0.1313138217,0.1471584050,1.3020309210
10834864,pubmedqa,dev,2,Qwen/Qwen2.5-7B-Instruct,level4,128,-27.3861181941,-0.2139540484,27.3861181941,0.2139540484,0.1920365657,1.6527314186
10834864,pubmedqa,dev,3,Qwen/Qwen2.5-7B-Instruct,level4,128,-22.8263564184,-0.1783309095,22.8263564184,0.1783309095,0.1947926597,1.5013693571
10834864,pubmedqa,dev,4,Qwen/Qwen2.5-7B-Instruct,level4,128,-17.8811330125,-0.1396963517,17.8811330125,0.1396963517,0.1336516555,1.4557909966
10877371,pubmedqa,dev,0,Qwen/Qwen2.5-7B-Instruct,level4,128,-38.7923027985,-0.3030648656,38.7923027985,0.3030648656,0.2918850173,2.0374131203
10877371,pubmedqa,dev,1,Qwen/Qwen2.5-7B-Instruct,level4,128,-31.3423474655,-0.2448620896,31.3423474655,0.2448620896,0.2335548676,1.4468165636
10877371,pubmedqa,dev,2,Qwen/Qwen2.5-7B-Instruct,level4,128,-29.3866869286,-0.2295834916,29.3866869286,0.2295834916,0.2035962134,1.6034476757
10877371,pubmedqa,dev,3,Qwen/Qwen2.5-7B-Instruct,level4,128,-24.8597792760,-0.1942170256,24.8597792760,0.1942170256,0.2066517181,1.5870188475
10877371,pubmedqa,dev,4,Qwen/Qwen2.5-7B-Instruct,level4,128,-30.0893484131,-0.2350730345,30.0893484131,0.2350730345,0.2298729827,2.1477892399
10922093,pubmedqa,dev,0,Qwen/Qwen2.5-7B-Instruct,level4,128,-30.8738108575,-0.2412016473,30.8738108575,0.2412016473,0.2242570267,1.5739469528
10922093,pubmedqa,dev,1,Qwen/Qwen2.5-7B-Instruct,level4,128,-46.9703483917,-0.3669558468,46.9703483917,0.3669558468,0.3357978695,1.6977295876
10922093,pubmedqa,dev,2,Qwen/Qwen2.5-7B-Instruct,level4,128,-21.4728842080,-0.1677569079,21.4728842080,0.1677569079,0.1358545325,1.6093308926
10922093,pubmedqa,dev,3,Qwen/Qwen2.5-7B-Instruct,level4,106,-24.9779697806,-0.2356412243,24.9779697806,0.2356412243,0.2541301450,1.7022700310
10922093,pubmedqa,dev,4,Qwen/Qwen2.5-7B-Instruct,level4,128,-33.6997274533,-0.2632791207,33.6997274533,0.2632791207,0.2718467099,2.0016670227
10927144,pubmedqa,dev,0,Qwen/Qwen2.5-7B-Instruct,level4,103,-24.7375664786,-0.2401705483,24.7375664786,0.2401705483,0.2316131628,1.3875311613
10927144,pubmedqa,dev,1,Qwen/Qwen2.5-7B-Instruct,level4,128,-38.6532405093,-0.3019784415,38.6532405093,0.3019784415,0.2578561738,1.4761290550
10927144,pubmedqa,dev,2,Qwen/Qwen2.5-7B-Instruct,level4,84,-11.8462319225,-0.1410265705,11.8462319225,0.1410265705,0.1899099020,1.3233757019
10927144,pubmedqa,dev,3,Qwen/Qwen2.5-7B-Instruct,level4,128,-17.5867649987,-0.1373966016,17.5867649987,0.1373966016,0.1330503919,1.3233757019
10927144,pubmedqa,dev,4,Qwen/Qwen2.5-7B-Instruct,level4,79,-21.5310368985,-0.2725447709,21.5310368985,0.2725447709,0.2631499728,1.9982217550
10966337,pubmedqa,dev,0,Qwen/Qwen2.5-7B-Instruct,level4,128,-23.1463458315,-0.1808308268,23.1463458315,0.1808308268,0.2013352410,1.7950570583
10966337,pubmedqa,dev,1,Qwen/Qwen2.5-7B-Instruct,level4,128,-53.4111404065,-0.4172745344,53.4111404065,0.4172745344,0.3595919479,1.7950570583
10966337,pubmedqa,dev,2,Qwen/Qwen2.5-7B-Instruct,level4,128,-36.5786845610,-0.2857709731,36.5786845610,0.2857709731,0.2987881517,2.1168680191
10966337,pubmedqa,dev,3,Qwen/Qwen2.5-7B-Instruct,level4,128,-50.3930114433,-0.3936954019,50.3930114433,0.3936954019,0.3383059679,1.9613057375
10966337,pubmedqa,dev,4,Qwen/Qwen2.5-7B-Instruct,level4,128,-34.1651489809,-0.2669152264,34.1651489809,0.2669152264,0.2560138868,2.0965125561
10966943,pubmedqa,dev,0,Qwen/Qwen2.5-7B-Instruct,level4,128,-19.2469479889,-0.1503667812,19.2469479889,0.1503667812,0.1925429179,1.9254801273
10966943,pubmedqa,dev,1,Qwen/Qwen2.5-7B-Instruct,level4,128,-39.3156890720,-0.3071538209,39.3156890720,0.3071538209,0.2922371151,1.9254801273
10966943,pubmedqa,dev,2,Qwen/Qwen2.5-7B-Instruct,level4,102,-35.3939363770,-0.3469993762,35.3939363770,0.3469993762,0.3744410323,1.9380781651
10966943,pubmedqa,dev,3,Qwen/Qwen2.5-7B-Instruct,level4,128,-51.3864966184,-0.4014570048,51.3864966184,0.4014570048,0.3637909900,1.9691437483
10966943,pubmedqa,dev,4,Qwen/Qwen2.5-7B-Instruct,level4,113,-36.9063934088,-0.3266052514,36.9063934088,0.3266052514,0.2592442934,1.9254801273
10973547,pubmedqa,dev,0,Qwen/Qwen2.5-7B-Instruct,level4,128,-38.1785859354,-0.2982702026,38.1785859354,0.2982702026,0.2836419604,1.4388372898
10973547,pubmedqa,dev,1,Qwen/Qwen2.5-7B-Instruct,level4,128,-35.6758229062,-0.2787173665,35.6758229062,0.2787173665,0.3250633532,1.5497889519
10973547,pubmedqa,dev,2,Qwen/Qwen2.5-7B-Instruct,level4,128,-38.7274395898,-0.3025581218,38.7274395898,0.3025581218,0.2926528321,1.4458279610
10973547,pubmedqa,dev,3,Qwen/Qwen2.5-7B-Instruct,level4,128,-43.1770940870,-0.3373210476,43.1770940870,0.3373210476,0.3302890309,1.7921707630
10973547,pubmedqa,dev,4,Qwen/Qwen2.5-7B-Instruct,level4,128,-40.8251239024,-0.3189462805,40.8251239024,0.3189462805,0.3307808157,1.8541398048
11034241,pubmedqa,dev,0,Qwen/Qwen2.5-7B-Instruct,level4,128,-34.2780948058,-0.2677976157,34.2780948058,0.2677976157,0.2893279963,1.3752821684
11034241,pubmedqa,dev,1,Qwen/Qwen2.5-7B-Instruct,level4,128,-31.2032991871,-0.2437757749,31.2032991871,0.2437757749,0.2423420185,1.8887867928
11034241,pubmedqa,dev,2,Qwen/Qwen2.5-7B-Instruct,level4,128,-39.1012416370,-0.3054784503,39.1012416370,0.3054784503,0.3319418317,2.0980525017
11034241,pubmedqa,dev,3,Qwen/Qwen2.5-7B-Instruct,level4,128,-38.7376305014,-0.3026377383,38.7376305014,0.3026377383,0.2833007381,1.6365525723
11034241,pubmedqa,dev,4,Qwen/Qwen2.5-7B-Instruct,level4,128,-44.6585637145,-0.3488950290,44.6585637145,0.3488950290,0.2949450770,1.8273935318
11035130,pubmedqa,dev,0,Qwen/Qwen2.5-7B-Instruct,level4,128,-36.3253489509,-0.2837917887,36.3253489509,0.2837917887,0.2631814231,1.9399998188
11035130,pubmedqa,dev,1,Qwen/Qwen2.5-7B-Instruct,level4,128,-50.0088017173,-0.3906937634,50.0088017173,0.3906937634,0.3340535001,1.4514869452
11035130,pubmedqa,dev,2,Qwen/Qwen2.5-7B-Instruct,level4,128,-56.3871340007,-0.4405244844,56.3871340007,0.4405244844,0.4197297604,2.1552500725
11035130,pubmedqa,dev,3,Qwen/Qwen2.5-7B-Instruct,level4,126,-40.7106938511,-0.3231007449,40.7106938511,0.3231007449,0.3578305865,1.8644448519
11035130,pubmedqa,dev,4,Qwen/Qwen2.5-7B-Instruct,level4,128,-42.1392644979,-0.3292130039,42.1392644979,0.3292130039,0.3174183011,1.8677598238
11053064,pubmedqa,dev,0,Qwen/Qwen2.5-7B-Instruct,level4,128,-26.6352136023,-0.2080876063,26.6352136023,0.2080876063,0.2210316076,1.9166922569
11053064,pubmedqa,dev,1,Qwen/Qwen2.5-7B-Instruct,level4,128,-35.7574641816,-0.2793551889,35.7574641816,0.2793551889,0.2086235421,1.4184824228
11053064,pubmedqa,dev,2,Qwen/Qwen2.5-7B-Instruct,level4,128,-37.6161954179,-0.2938765267,37.6161954179,0.2938765267,0.2942579684,1.7427713871
11053064,pubmedqa,dev,3,Qwen/Qwen2.5-7B-Instruct,level4,128,-39.0121630020,-0.3047825235,39.0121630020,0.3047825235,0.3084239544,1.8026382923
11053064,pubmedqa,dev,4,Qwen/Qwen2.5-7B-Instruct,level4,128,-28.0947136208,-0.2194899502,28.0947136208,0.2194899502,0.2559648422,1.4491977692
11079675,pubmedqa,dev,0,Qwen/Qwen2.5-7B-Instruct,level4,128,-39.3525004685,-0.3074414099,39.3525004685,0.3074414099,0.2913475027,1.8102877140
11079675,pubmedqa,dev,1,Qwen/Qwen2.5-7B-Instruct,level4,128,-37.9501147121,-0.2964852712,37.9501147121,0.2964852712,0.2814277611,1.9458477497
11079675,pubmedqa,dev,2,Qwen/Qwen2.5-7B-Instruct,level4,128,-32.1827167124,-0.2514274743,32.1827167124,0.2514274743,0.2669570661,1.8056404591
11079675,pubmedqa,dev,3,Qwen/Qwen2.5-7B-Instruct,level4,128,-43.7078590542,-0.3414676489,43.7078590542,0.3414676489,0.3395060225,2.1922864914
11079675,pubmedqa,dev,4,Qwen/Qwen2.5-7B-Instruct,level4,128,-51.1770850904,-0.3998209773,51.1770850904,0.3998209773,0.3686743368,2.0514206886
11138995,pubmedqa,dev,0,Qwen/Qwen2.5-7B-Instruct,level4,128,-20.8233119827,-0.1626821249,20.8233119827,0.1626821249,0.1693944145,1.3239637613
11138995,pubmedqa,dev,1,Qwen/Qwen2.5-7B-Instruct,level4,128,-21.7294907235,-0.1697616463,21.7294907235,0.1697616463,0.1673183426,1.2069560289
11138995,pubmedqa,dev,2,Qwen/Qwen2.5-7B-Instruct,level4,128,-30.3320247829,-0.2369689436,30.3320247829,0.2369689436,0.2492911167,2.2622084618
11138995,pubmedqa,dev,3,Qwen/Qwen2.5-7B-Instruct,level4,128,-22.8785509318,-0.1787386792,22.8785509318,0.1787386792,0.2108905868,1.6797125340
11138995,pubmedqa,dev,4,Qwen/Qwen2.5-7B-Instruct,level4,128,-47.0449091196,-0.3675383525,47.0449091196,0.3675383525,0.3328393839,2.0585086346
11146778,pubmedqa,dev,0,Qwen/Qwen2.5-7B-Instruct,level4,128,-42.4916004054,-0.3319656282,42.4916004054,0.3319656282,0.3599913183,1.6287508011
11146778,pubmedqa,dev,1,Qwen/Qwen2.5-7B-Instruct,level4,128,-45.2784365006,-0.3537377852,45.2784365006,0.3537377852,0.3763551988,1.7327940464
11146778,pubmedqa,dev,2,Qwen/Qwen2.5-7B-Instruct,level4,128,-51.7531732246,-0.4043216658,51.7531732246,0.4043216658,0.4047319409,1.7754309177
11146778,pubmedqa,dev,3,Qwen/Qwen2.5-7B-Instruct,level4,128,-34.0717473328,-0.2661855260,34.0717473328,0.2661855260,0.2976212641,1.7712873220
11146778,pubmedqa,dev,4,Qwen/Qwen2.5-7B-Instruct,level4,128,-56.3489129990,-0.4402258828,56.3489129990,0.4402258828,0.4014451939,1.9898428917
11149643,pubmedqa,dev,0,Qwen/Qwen2.5-7B-Instruct,level4,128,-35.7632406577,-0.2794003176,35.7632406577,0.2794003176,0.2423713275,1.7547800541
11149643,pubmedqa,dev,1,Qwen/Qwen2.5-7B-Instruct,level4,128,-56.6624730006,-0.4426755703,56.6624730006,0.4426755703,0.3221507712,2.0058917999
11149643,pubmedqa,dev,2,Qwen/Qwen2.5-7B-Instruct,level4,128,-25.5921661705,-0.1999387982,25.5921661705,0.1999387982,0.2367958915,1.6436896324
11149643,pubmedqa,dev,3,Qwen/Qwen2.5-7B-Instruct,level4,128,-25.9351894408,-0.2026186675,25.9351894408,0.2026186675,0.2201054506,1.7271444798
11149643,pubmedqa,dev,4,Qwen/Qwen2.5-7B-Instruct,level4,128,-21.1270172149,-0.1650548220,21.1270172149,0.1650548220,0.1739474987,1.8056981564
11247896,pubmedqa,dev,0,Qwen/Qwen2.5-7B-Instruct,level4,128,-61.1331783086,-0.4776029555,61.1331783086,0.4776029555,0.4199863737,1.8112525940
11247896,pubmedqa,dev,1,Qwen/Qwen2.5-7B-Instruct,level4,128,-55.2149684317,-0.4313669409,55.2149684317,0.4313669409,0.4969427936,2.1160502434
11247896,pubmedqa,dev,2,Qwen/Qwen2.5-7B-Instruct,level4,128,-55.7219276316,-0.4353275596,55.7219276316,0.4353275596,0.4263808228,2.0865988731
11247896,pubmedqa,dev,3,Qwen/Qwen2.5-7B-Instruct,level4,125,-51.4268772192,-0.4114150178,51.4268772192,0.4114150178,0.4154383302,2.0247111320
11247896,pubmedqa,dev,4,Qwen/Qwen2.5-7B-Instruct,level4,128,-52.4721437134,-0.4099386228,52.4721437134,0.4099386228,0.3667389194,1.9438787699
11296674,pubmedqa,dev,0,Qwen/Qwen2.5-7B-Instruct,level4,128,-57.2190726250,-0.4470240049,57.2190726250,0.4470240049,0.4010918653,1.7736995220
11296674,pubmedqa,dev,1,Qwen/Qwen2.5-7B-Instruct,level4,128,-42.8411550969,-0.3346965242,42.8411550969,0.3346965242,0.4049301303,1.9216946363
11296674,pubmedqa,dev,2,Qwen/Qwen2.5-7B-Instruct,level4,128,-64.7680671066,-0.5060005243,64.7680671066,0.5060005243,0.5420773991,2.1794400215
11296674,pubmedqa,dev,3,Qwen/Qwen2.5-7B-Instruct,level4,128,-44.7692760378,-0.3497599690,44.7692760378,0.3497599690,0.3418350169,1.7692095041
11296674,pubmedqa,dev,4,Qwen/Qwen2.5-7B-Instruct,level4,128,-52.9851107821,-0.4139461780,52.9851107821,0.4139461780,0.3895703043,1.6602880955
11334578,pubmedqa,dev,0,Qwen/Qwen2.5-7B-Instruct,level4,128,-20.5264739171,-0.1603630775,20.5264739171,0.1603630775,0.1861232318,1.3769881725
11334578,pubmedqa,dev,1,Qwen/Qwen2.5-7B-Instruct,level4,128,-47.4861578420,-0.3709856081,47.4861578420,0.3709856081,0.4313180705,1.9958829880
11334578,pubmedqa,dev,2,Qwen/Qwen2.5-7B-Instruct,level4,128,-49.5173135772,-0.3868540123,49.5173135772,0.3868540123,0.3870451341,1.9753861427
11334578,pubmedqa,dev,3,Qwen/Qwen2.5-7B-Instruct,level4,128,-52.4830623977,-0.4100239250,52.4830623977,0.4100239250,0.4100007118,1.6477487087
11334578,pubmedqa,dev,4,Qwen/Qwen2.5-7B-Instruct,level4,128,-23.6118362173,-0.1844674704,23.6118362173,0.1844674704,0.2096916207,1.4890745878
11340218,pubmedqa,dev,0,Qwen/Qwen2.5-7B-Instruct,level4,128,-37.2493930981,-0.2910108836,37.2493930981,0.2910108836,0.2410356165,1.5689424276
11340218,pubmedqa,dev,1,Qwen/Qwen2.5-7B-Instruct,level4,128,-41.6784051619,-0.3256125403,41.6784051619,0.3256125403,0.3102536891,1.7017893791
11340218,pubmedqa,dev,2,Qwen/Qwen2.5-7B-Instruct,level4,128,-27.8038953990,-0.2172179328,27.8038953990,0.2172179328,0.2230936869,1.4533029795
11340218,pubmedqa,dev,3,Qwen/Qwen2.5-7B-Instruct,level4,91,-28.1865494102,-0.3097423012,28.1865494102,0.3097423012,0.3498392564,1.7185026407
11340218,pubmedqa,dev,4,Qwen/Qwen2.5-7B-Instruct,level4,86,-19.6191256344,-0.2281293678,19.6191256344,0.2281293678,0.2581845224,1.3644992113
11380492,pubmedqa,dev,0,Qwen/Qwen2.5-7B-Instruct,level4,128,-38.4135891348,-0.3001061651,38.4135891348,0.3001061651,0.3271298576,1.5410256386
11380492,pubmedqa,dev,1,Qwen/Qwen2.5-7B-Instruct,level4,128,-49.7546598315,-0.3887082799,49.7546598315,0.3887082799,0.3667882098,2.3812077045
11380492,pubmedqa,dev,2,Qwen/Qwen2.5-7B-Instruct,level4,128,-32.8039976358,-0.2562812315,32.8039976358,0.2562812315,0.2829303581,1.9446445704
11380492,pubmedqa,dev,3,Qwen/Qwen2.5-7B-Instruct,level4,128,-34.7478486896,-0.2714675679,34.7478486896,0.2714675679,0.2572239190,2.0610461235
11380492,pubmedqa,dev,4,Qwen/Qwen2.5-7B-Instruct,level4,128,-44.5897111967,-0.3483571187,44.5897111967,0.3483571187,0.3238780396,1.8630238771
11411430,pubmedqa,dev,0,Qwen/Qwen2.5-7B-Instruct,level4,128,-31.0653925985,-0.2426983797,31.0653925985,0.2426983797,0.1886694016,1.2500216961
11411430,pubmedqa,dev,1,Qwen/Qwen2.5-7B-Instruct,level4,128,-24.4721202515,-0.1911884395,24.4721202515,0.1911884395,0.1983058727,1.4617512226
11411430,pubmedqa,dev,2,Qwen/Qwen2.5-7B-Instruct,level4,128,-30.2735990435,-0.2365124925,30.2735990435,0.2365124925,0.2327248830,1.8353159428
11411430,pubmedqa,dev,3,Qwen/Qwen2.5-7B-Instruct,level4,128,-30.2691561207,-0.2364777822,30.2691561207,0.2364777822,0.2310471146,2.0847229958
11411430,pubmedqa,dev,4,Qwen/Qwen2.5-7B-Instruct,level4,128,-22.3072137088,-0.1742751071,22.3072137088,0.1742751071,0.1499759653,1.1691888571
