score_name,rejection_fraction,coverage,num_retained,accuracy,correct_count,total_count,threshold
normalized_discrete_semantic_entropy,0.0000000000,1.0000000000,50,0.5600000000,28,50,0.8277293768
normalized_discrete_semantic_entropy,0.0200000000,0.9800000000,49,0.5714285714,28,50,0.8277293768
normalized_discrete_semantic_entropy,0.0400000000,0.9600000000,48,0.5625000000,27,50,0.8277293768
normalized_discrete_semantic_entropy,0.0600000000,0.9400000000,47,0.5744680851,27,50,0.8277293768
normalized_discrete_semantic_entropy,0.0800000000,0.9200000000,46,0.5652173913,26,50,0.8277293768
normalized_discrete_semantic_entropy,0.1000000000,0.9000000000,45,0.5555555556,25,50,0.8277293768
normalized_discrete_semantic_entropy,0.1200000000,0.8800000000,44,0.5454545455,24,50,0.6554587535
normalized_discrete_semantic_entropy,0.1400000000,0.8600000000,43,0.5348837209,23,50,0.6554587535
normalized_discrete_semantic_entropy,0.1600000000,0.8400000000,42,0.5238095238,22,50,0.6554587535
normalized_discrete_semantic_entropy,0.1800000000,0.8200000000,41,0.5365853659,22,50,0.6554587535
normalized_discrete_semantic_entropy,0.2000000000,0.8000000000,40,0.5500000000,22,50,0.5904362833
normalized_discrete_semantic_entropy,0.2200000000,0.7800000000,39,0.5384615385,21,50,0.5904362833
normalized_discrete_semantic_entropy,0.2400000000,0.7600000000,38,0.5263157895,20,50,0.5904362833
normalized_discrete_semantic_entropy,0.2600000000,0.7400000000,37,0.5135135135,19,50,0.5904362833
normalized_discrete_semantic_entropy,0.2800000000,0.7200000000,36,0.5277777778,19,50,0.5904362833
normalized_discrete_semantic_entropy,0.3000000000,0.7000000000,35,0.5428571429,19,50,0.5904362833
normalized_discrete_semantic_entropy,0.3200000000,0.6800000000,34,0.5294117647,18,50,0.5904362833
normalized_discrete_semantic_entropy,0.3400000000,0.6600000000,33,0.5151515152,17,50,0.5904362833
normalized_discrete_semantic_entropy,0.3600000000,0.6400000000,32,0.5000000000,16,50,0.5904362833
normalized_discrete_semantic_entropy,0.3800000000,0.6200000000,31,0.5161290323,16,50,0.5904362833
normalized_discrete_semantic_entropy,0.4000000000,0.6000000000,30,0.5333333333,16,50,0.5904362833
normalized_discrete_semantic_entropy,0.4200000000,0.5800000000,29,0.5517241379,16,50,0.4181656601
normalized_discrete_semantic_entropy,0.4400000000,0.5600000000,28,0.5714285714,16,50,0.4181656601
normalized_discrete_semantic_entropy,0.4600000000,0.5400000000,27,0.5555555556,15,50,0.4181656601
normalized_discrete_semantic_entropy,0.4800000000,0.5200000000,26,0.5769230769,15,50,0.4181656601
normalized_discrete_semantic_entropy,0.5000000000,0.5000000000,25,0.6000000000,15,50,0.3109175071
normalized_discrete_semantic_entropy,0.5200000000,0.4800000000,24,0.6250000000,15,50,0.3109175071
normalized_discrete_semantic_entropy,0.5400000000,0.4600000000,23,0.6521739130,15,50,0.3109175071
normalized_discrete_semantic_entropy,0.5600000000,0.4400000000,22,0.6818181818,15,50,0.3109175071
normalized_discrete_semantic_entropy,0.5800000000,0.4200000000,21,0.6666666667,14,50,0.3109175071
normalized_discrete_semantic_entropy,0.6000000000,0.4000000000,20,0.6500000000,13,50,0.3109175071
normalized_discrete_semantic_entropy,0.6200000000,0.3800000000,19,0.6842105263,13,50,0.3109175071
normalized_discrete_semantic_entropy,0.6400000000,0.3600000000,18,0.6666666667,12,50,0.3109175071
normalized_discrete_semantic_entropy,0.6600000000,0.3400000000,17,0.7058823529,12,50,0.3109175071
normalized_discrete_semantic_entropy,0.6800000000,0.3200000000,16,0.7500000000,12,50,0.3109175071
normalized_discrete_semantic_entropy,0.7000000000,0.3000000000,15,0.8000000000,12,50,0.3109175071
normalized_discrete_semantic_entropy,0.7200000000,0.2800000000,14,0.7857142857,11,50,0.3109175071
normalized_discrete_semantic_entropy,0.7400000000,0.2600000000,13,0.7692307692,10,50,0.3109175071
normalized_discrete_semantic_entropy,0.7600000000,0.2400000000,12,0.7500000000,9,50,0.0000000000
normalized_discrete_semantic_entropy,0.7800000000,0.2200000000,11,0.8181818182,9,50,0.0000000000
normalized_discrete_semantic_entropy,0.8000000000,0.2000000000,10,0.9000000000,9,50,0.0000000000
normalized_discrete_semantic_entropy,0.8200000000,0.1800000000,9,0.8888888889,8,50,0.0000000000
normalized_discrete_semantic_entropy,0.8400000000,0.1600000000,8,0.8750000000,7,50,0.0000000000
normalized_discrete_semantic_entropy,0.8600000000,0.1400000000,7,0.8571428571,6,50,0.0000000000
normalized_discrete_semantic_entropy,0.8800000000,0.1200000000,6,0.8333333333,5,50,0.0000000000
normalized_discrete_semantic_entropy,0.9000000000,0.1000000000,5,0.8000000000,4,50,0.0000000000
normalized_discrete_semantic_entropy,0.9200000000,0.0800000000,4,0.7500000000,3,50,0.0000000000
normalized_discrete_semantic_entropy,0.9400000000,0.0600000000,3,0.6666666667,2,50,0.0000000000
normalized_discrete_semantic_entropy,0.9600000000,0.0400000000,2,1.0000000000,2,50,0.0000000000
normalized_discrete_semantic_entropy,0.9800000000,0.0200000000,1,1.0000000000,1,50,0.0000000000
normalized_likelihood_weighted_semantic_entropy,0.0000000000,1.0000000000,50,0.5600000000,28,50,0.8362532544
normalized_likelihood_weighted_semantic_entropy,0.0200000000,0.9800000000,49,0.5510204082,27,50,0.8352048807
normalized_likelihood_weighted_semantic_entropy,0.0400000000,0.9600000000,48,0.5416666667,26,50,0.8324853988
normalized_likelihood_weighted_semantic_entropy,0.0600000000,0.9400000000,47,0.5531914894,26,50,0.8303032164
normalized_likelihood_weighted_semantic_entropy,0.0800000000,0.9200000000,46,0.5434782609,25,50,0.8245105643
normalized_likelihood_weighted_semantic_entropy,0.1000000000,0.9000000000,45,0.5555555556,25,50,0.8238407382
normalized_likelihood_weighted_semantic_entropy,0.1200000000,0.8800000000,44,0.5454545455,24,50,0.6613132492
normalized_likelihood_weighted_semantic_entropy,0.1400000000,0.8600000000,43,0.5581395349,24,50,0.6593277432
normalized_likelihood_weighted_semantic_entropy,0.1600000000,0.8400000000,42,0.5476190476,23,50,0.6588076705
normalized_likelihood_weighted_semantic_entropy,0.1800000000,0.8200000000,41,0.5365853659,22,50,0.6533017410
normalized_likelihood_weighted_semantic_entropy,0.2000000000,0.8000000000,40,0.5500000000,22,50,0.5935519526
normalized_likelihood_weighted_semantic_entropy,0.2200000000,0.7800000000,39,0.5384615385,21,50,0.5935458706
normalized_likelihood_weighted_semantic_entropy,0.2400000000,0.7600000000,38,0.5263157895,20,50,0.5929417068
normalized_likelihood_weighted_semantic_entropy,0.2600000000,0.7400000000,37,0.5405405405,20,50,0.5875655189
normalized_likelihood_weighted_semantic_entropy,0.2800000000,0.7200000000,36,0.5277777778,19,50,0.5832623208
normalized_likelihood_weighted_semantic_entropy,0.3000000000,0.7000000000,35,0.5428571429,19,50,0.5812603124
normalized_likelihood_weighted_semantic_entropy,0.3200000000,0.6800000000,34,0.5588235294,19,50,0.5810543367
normalized_likelihood_weighted_semantic_entropy,0.3400000000,0.6600000000,33,0.5757575758,19,50,0.5797073609
normalized_likelihood_weighted_semantic_entropy,0.3600000000,0.6400000000,32,0.5625000000,18,50,0.5715096751
normalized_likelihood_weighted_semantic_entropy,0.3800000000,0.6200000000,31,0.5806451613,18,50,0.5699837715
normalized_likelihood_weighted_semantic_entropy,0.4000000000,0.6000000000,30,0.5666666667,17,50,0.5698444233
normalized_likelihood_weighted_semantic_entropy,0.4200000000,0.5800000000,29,0.5517241379,16,50,0.4237245710
normalized_likelihood_weighted_semantic_entropy,0.4400000000,0.5600000000,28,0.5714285714,16,50,0.4212929664
normalized_likelihood_weighted_semantic_entropy,0.4600000000,0.5400000000,27,0.5925925926,16,50,0.4210336067
normalized_likelihood_weighted_semantic_entropy,0.4800000000,0.5200000000,26,0.5769230769,15,50,0.4181039075
normalized_likelihood_weighted_semantic_entropy,0.5000000000,0.5000000000,25,0.6000000000,15,50,0.3163655991
normalized_likelihood_weighted_semantic_entropy,0.5200000000,0.4800000000,24,0.5833333333,14,50,0.3162256391
normalized_likelihood_weighted_semantic_entropy,0.5400000000,0.4600000000,23,0.6086956522,14,50,0.3151685543
normalized_likelihood_weighted_semantic_entropy,0.5600000000,0.4400000000,22,0.6363636364,14,50,0.3111832029
normalized_likelihood_weighted_semantic_entropy,0.5800000000,0.4200000000,21,0.6190476190,13,50,0.3089732765
normalized_likelihood_weighted_semantic_entropy,0.6000000000,0.4000000000,20,0.6500000000,13,50,0.3088550956
normalized_likelihood_weighted_semantic_entropy,0.6200000000,0.3800000000,19,0.6842105263,13,50,0.3072357525
normalized_likelihood_weighted_semantic_entropy,0.6400000000,0.3600000000,18,0.6666666667,12,50,0.3072293295
normalized_likelihood_weighted_semantic_entropy,0.6600000000,0.3400000000,17,0.6470588235,11,50,0.3047998849
normalized_likelihood_weighted_semantic_entropy,0.6800000000,0.3200000000,16,0.6875000000,11,50,0.3046665591
normalized_likelihood_weighted_semantic_entropy,0.7000000000,0.3000000000,15,0.7333333333,11,50,0.3003633032
normalized_likelihood_weighted_semantic_entropy,0.7200000000,0.2800000000,14,0.7857142857,11,50,0.2965097693
normalized_likelihood_weighted_semantic_entropy,0.7400000000,0.2600000000,13,0.7692307692,10,50,0.2962411757
normalized_likelihood_weighted_semantic_entropy,0.7600000000,0.2400000000,12,0.7500000000,9,50,0.0000000000
normalized_likelihood_weighted_semantic_entropy,0.7800000000,0.2200000000,11,0.8181818182,9,50,0.0000000000
normalized_likelihood_weighted_semantic_entropy,0.8000000000,0.2000000000,10,0.9000000000,9,50,0.0000000000
normalized_likelihood_weighted_semantic_entropy,0.8200000000,0.1800000000,9,0.8888888889,8,50,0.0000000000
normalized_likelihood_weighted_semantic_entropy,0.8400000000,0.1600000000,8,0.8750000000,7,50,0.0000000000
normalized_likelihood_weighted_semantic_entropy,0.8600000000,0.1400000000,7,0.8571428571,6,50,0.0000000000
normalized_likelihood_weighted_semantic_entropy,0.8800000000,0.1200000000,6,0.8333333333,5,50,0.0000000000
normalized_likelihood_weighted_semantic_entropy,0.9000000000,0.1000000000,5,0.8000000000,4,50,0.0000000000
normalized_likelihood_weighted_semantic_entropy,0.9200000000,0.0800000000,4,0.7500000000,3,50,0.0000000000
normalized_likelihood_weighted_semantic_entropy,0.9400000000,0.0600000000,3,0.6666666667,2,50,0.0000000000
normalized_likelihood_weighted_semantic_entropy,0.9600000000,0.0400000000,2,1.0000000000,2,50,0.0000000000
normalized_likelihood_weighted_semantic_entropy,0.9800000000,0.0200000000,1,1.0000000000,1,50,0.0000000000
predictive_entropy,0.0000000000,1.0000000000,50,0.5600000000,28,50,0.4977967763
predictive_entropy,0.0200000000,0.9800000000,49,0.5510204082,27,50,0.4331302193
predictive_entropy,0.0400000000,0.9600000000,48,0.5416666667,26,50,0.4102854401
predictive_entropy,0.0600000000,0.9400000000,47,0.5531914894,26,50,0.3706138049
predictive_entropy,0.0800000000,0.9200000000,46,0.5434782609,25,50,0.3608392290
predictive_entropy,0.1000000000,0.9000000000,45,0.5555555556,25,50,0.3592872976
predictive_entropy,0.1200000000,0.8800000000,44,0.5681818182,25,50,0.3534647570
predictive_entropy,0.1400000000,0.8600000000,43,0.5813953488,25,50,0.3467007069
predictive_entropy,0.1600000000,0.8400000000,42,0.5714285714,24,50,0.3193285563
predictive_entropy,0.1800000000,0.8200000000,41,0.5853658537,24,50,0.3186529388
predictive_entropy,0.2000000000,0.8000000000,40,0.5750000000,23,50,0.3172797214
predictive_entropy,0.2200000000,0.7800000000,39,0.5897435897,23,50,0.3159810357
predictive_entropy,0.2400000000,0.7600000000,38,0.5789473684,22,50,0.3129840726
predictive_entropy,0.2600000000,0.7400000000,37,0.5675675676,21,50,0.3127941323
predictive_entropy,0.2800000000,0.7200000000,36,0.5833333333,21,50,0.3088973925
predictive_entropy,0.3000000000,0.7000000000,35,0.5714285714,20,50,0.3071626038
predictive_entropy,0.3200000000,0.6800000000,34,0.5882352941,20,50,0.3065164469
predictive_entropy,0.3400000000,0.6600000000,33,0.5757575758,19,50,0.3058250467
predictive_entropy,0.3600000000,0.6400000000,32,0.5937500000,19,50,0.3025592561
predictive_entropy,0.3800000000,0.6200000000,31,0.6129032258,19,50,0.3025388187
predictive_entropy,0.4000000000,0.6000000000,30,0.6000000000,18,50,0.2976302107
predictive_entropy,0.4200000000,0.5800000000,29,0.6206896552,18,50,0.2937169216
predictive_entropy,0.4400000000,0.5600000000,28,0.6428571429,18,50,0.2825616696
predictive_entropy,0.4600000000,0.5400000000,27,0.6296296296,17,50,0.2797305386
predictive_entropy,0.4800000000,0.5200000000,26,0.6153846154,16,50,0.2762680983
predictive_entropy,0.5000000000,0.5000000000,25,0.6000000000,15,50,0.2743426052
predictive_entropy,0.5200000000,0.4800000000,24,0.6250000000,15,50,0.2656422754
predictive_entropy,0.5400000000,0.4600000000,23,0.6521739130,15,50,0.2635478340
predictive_entropy,0.5600000000,0.4400000000,22,0.6818181818,15,50,0.2611183591
predictive_entropy,0.5800000000,0.4200000000,21,0.6666666667,14,50,0.2579376351
predictive_entropy,0.6000000000,0.4000000000,20,0.7000000000,14,50,0.2569311553
predictive_entropy,0.6200000000,0.3800000000,19,0.7368421053,14,50,0.2549669494
predictive_entropy,0.6400000000,0.3600000000,18,0.7222222222,13,50,0.2483130488
predictive_entropy,0.6600000000,0.3400000000,17,0.7058823529,12,50,0.2470964875
predictive_entropy,0.6800000000,0.3200000000,16,0.6875000000,11,50,0.2450744390
predictive_entropy,0.7000000000,0.3000000000,15,0.6666666667,10,50,0.2413601014
predictive_entropy,0.7200000000,0.2800000000,14,0.6428571429,9,50,0.2392140024
predictive_entropy,0.7400000000,0.2600000000,13,0.6153846154,8,50,0.2263109958
predictive_entropy,0.7600000000,0.2400000000,12,0.5833333333,7,50,0.2248841647
predictive_entropy,0.7800000000,0.2200000000,11,0.6363636364,7,50,0.2231379493
predictive_entropy,0.8000000000,0.2000000000,10,0.6000000000,6,50,0.2221648988
predictive_entropy,0.8200000000,0.1800000000,9,0.5555555556,5,50,0.2195783498
predictive_entropy,0.8400000000,0.1600000000,8,0.5000000000,4,50,0.2186233865
predictive_entropy,0.8600000000,0.1400000000,7,0.4285714286,3,50,0.2162304402
predictive_entropy,0.8800000000,0.1200000000,6,0.5000000000,3,50,0.2111260060
predictive_entropy,0.9000000000,0.1000000000,5,0.6000000000,3,50,0.2030680882
predictive_entropy,0.9200000000,0.0800000000,4,0.5000000000,2,50,0.1933351499
predictive_entropy,0.9400000000,0.0600000000,3,0.6666666667,2,50,0.1892072480
predictive_entropy,0.9600000000,0.0400000000,2,0.5000000000,1,50,0.1602194848
predictive_entropy,0.9800000000,0.0200000000,1,0.0000000000,0,50,0.1531948250
mean_normalized_nll,0.0000000000,1.0000000000,50,0.5600000000,28,50,0.4977967763
mean_normalized_nll,0.0200000000,0.9800000000,49,0.5510204082,27,50,0.4331302193
mean_normalized_nll,0.0400000000,0.9600000000,48,0.5416666667,26,50,0.4102854401
mean_normalized_nll,0.0600000000,0.9400000000,47,0.5531914894,26,50,0.3706138049
mean_normalized_nll,0.0800000000,0.9200000000,46,0.5434782609,25,50,0.3608392290
mean_normalized_nll,0.1000000000,0.9000000000,45,0.5555555556,25,50,0.3592872976
mean_normalized_nll,0.1200000000,0.8800000000,44,0.5681818182,25,50,0.3534647570
mean_normalized_nll,0.1400000000,0.8600000000,43,0.5813953488,25,50,0.3467007069
mean_normalized_nll,0.1600000000,0.8400000000,42,0.5714285714,24,50,0.3193285563
mean_normalized_nll,0.1800000000,0.8200000000,41,0.5853658537,24,50,0.3186529388
mean_normalized_nll,0.2000000000,0.8000000000,40,0.5750000000,23,50,0.3172797214
mean_normalized_nll,0.2200000000,0.7800000000,39,0.5897435897,23,50,0.3159810357
mean_normalized_nll,0.2400000000,0.7600000000,38,0.5789473684,22,50,0.3129840726
mean_normalized_nll,0.2600000000,0.7400000000,37,0.5675675676,21,50,0.3127941323
mean_normalized_nll,0.2800000000,0.7200000000,36,0.5833333333,21,50,0.3088973925
mean_normalized_nll,0.3000000000,0.7000000000,35,0.5714285714,20,50,0.3071626038
mean_normalized_nll,0.3200000000,0.6800000000,34,0.5882352941,20,50,0.3065164469
mean_normalized_nll,0.3400000000,0.6600000000,33,0.5757575758,19,50,0.3058250467
mean_normalized_nll,0.3600000000,0.6400000000,32,0.5937500000,19,50,0.3025592561
mean_normalized_nll,0.3800000000,0.6200000000,31,0.6129032258,19,50,0.3025388187
mean_normalized_nll,0.4000000000,0.6000000000,30,0.6000000000,18,50,0.2976302107
mean_normalized_nll,0.4200000000,0.5800000000,29,0.6206896552,18,50,0.2937169216
mean_normalized_nll,0.4400000000,0.5600000000,28,0.6428571429,18,50,0.2825616696
mean_normalized_nll,0.4600000000,0.5400000000,27,0.6296296296,17,50,0.2797305386
mean_normalized_nll,0.4800000000,0.5200000000,26,0.6153846154,16,50,0.2762680983
mean_normalized_nll,0.5000000000,0.5000000000,25,0.6000000000,15,50,0.2743426052
mean_normalized_nll,0.5200000000,0.4800000000,24,0.6250000000,15,50,0.2656422754
mean_normalized_nll,0.5400000000,0.4600000000,23,0.6521739130,15,50,0.2635478340
mean_normalized_nll,0.5600000000,0.4400000000,22,0.6818181818,15,50,0.2611183591
mean_normalized_nll,0.5800000000,0.4200000000,21,0.6666666667,14,50,0.2579376351
mean_normalized_nll,0.6000000000,0.4000000000,20,0.7000000000,14,50,0.2569311553
mean_normalized_nll,0.6200000000,0.3800000000,19,0.7368421053,14,50,0.2549669494
mean_normalized_nll,0.6400000000,0.3600000000,18,0.7222222222,13,50,0.2483130488
mean_normalized_nll,0.6600000000,0.3400000000,17,0.7058823529,12,50,0.2470964875
mean_normalized_nll,0.6800000000,0.3200000000,16,0.6875000000,11,50,0.2450744390
mean_normalized_nll,0.7000000000,0.3000000000,15,0.6666666667,10,50,0.2413601014
mean_normalized_nll,0.7200000000,0.2800000000,14,0.6428571429,9,50,0.2392140024
mean_normalized_nll,0.7400000000,0.2600000000,13,0.6153846154,8,50,0.2263109958
mean_normalized_nll,0.7600000000,0.2400000000,12,0.5833333333,7,50,0.2248841647
mean_normalized_nll,0.7800000000,0.2200000000,11,0.6363636364,7,50,0.2231379493
mean_normalized_nll,0.8000000000,0.2000000000,10,0.6000000000,6,50,0.2221648988
mean_normalized_nll,0.8200000000,0.1800000000,9,0.5555555556,5,50,0.2195783498
mean_normalized_nll,0.8400000000,0.1600000000,8,0.5000000000,4,50,0.2186233865
mean_normalized_nll,0.8600000000,0.1400000000,7,0.4285714286,3,50,0.2162304402
mean_normalized_nll,0.8800000000,0.1200000000,6,0.5000000000,3,50,0.2111260060
mean_normalized_nll,0.9000000000,0.1000000000,5,0.6000000000,3,50,0.2030680882
mean_normalized_nll,0.9200000000,0.0800000000,4,0.5000000000,2,50,0.1933351499
mean_normalized_nll,0.9400000000,0.0600000000,3,0.6666666667,2,50,0.1892072480
mean_normalized_nll,0.9600000000,0.0400000000,2,0.5000000000,1,50,0.1602194848
mean_normalized_nll,0.9800000000,0.0200000000,1,0.0000000000,0,50,0.1531948250
mean_token_entropy,0.0000000000,1.0000000000,50,0.5600000000,28,50,0.4473980063
mean_token_entropy,0.0200000000,0.9800000000,49,0.5510204082,27,50,0.4250974479
mean_token_entropy,0.0400000000,0.9600000000,48,0.5416666667,26,50,0.4159009432
mean_token_entropy,0.0600000000,0.9400000000,47,0.5531914894,26,50,0.3680289832
mean_token_entropy,0.0800000000,0.9200000000,46,0.5652173913,26,50,0.3520236273
mean_token_entropy,0.1000000000,0.9000000000,45,0.5555555556,25,50,0.3451362936
mean_token_entropy,0.1200000000,0.8800000000,44,0.5454545455,24,50,0.3384427142
mean_token_entropy,0.1400000000,0.8600000000,43,0.5581395349,24,50,0.3328167715
mean_token_entropy,0.1600000000,0.8400000000,42,0.5476190476,23,50,0.3248357538
mean_token_entropy,0.1800000000,0.8200000000,41,0.5365853659,22,50,0.3178245502
mean_token_entropy,0.2000000000,0.8000000000,40,0.5500000000,22,50,0.3124855984
mean_token_entropy,0.2200000000,0.7800000000,39,0.5641025641,22,50,0.3115900768
mean_token_entropy,0.2400000000,0.7600000000,38,0.5526315789,21,50,0.3106594335
mean_token_entropy,0.2600000000,0.7400000000,37,0.5675675676,21,50,0.3095825379
mean_token_entropy,0.2800000000,0.7200000000,36,0.5833333333,21,50,0.3086215872
mean_token_entropy,0.3000000000,0.7000000000,35,0.5714285714,20,50,0.3054473605
mean_token_entropy,0.3200000000,0.6800000000,34,0.5882352941,20,50,0.2964512697
mean_token_entropy,0.3400000000,0.6600000000,33,0.5757575758,19,50,0.2962273108
mean_token_entropy,0.3600000000,0.6400000000,32,0.5937500000,19,50,0.2932987449
mean_token_entropy,0.3800000000,0.6200000000,31,0.6129032258,19,50,0.2921099946
mean_token_entropy,0.4000000000,0.6000000000,30,0.6000000000,18,50,0.2908070390
mean_token_entropy,0.4200000000,0.5800000000,29,0.5862068966,17,50,0.2883715323
mean_token_entropy,0.4400000000,0.5600000000,28,0.6071428571,17,50,0.2871727787
mean_token_entropy,0.4600000000,0.5400000000,27,0.6296296296,17,50,0.2764813542
mean_token_entropy,0.4800000000,0.5200000000,26,0.6538461538,17,50,0.2739681445
mean_token_entropy,0.5000000000,0.5000000000,25,0.6800000000,17,50,0.2694843678
mean_token_entropy,0.5200000000,0.4800000000,24,0.6666666667,16,50,0.2688257420
mean_token_entropy,0.5400000000,0.4600000000,23,0.6521739130,15,50,0.2643272015
mean_token_entropy,0.5600000000,0.4400000000,22,0.6818181818,15,50,0.2597522687
mean_token_entropy,0.5800000000,0.4200000000,21,0.7142857143,15,50,0.2576603829
mean_token_entropy,0.6000000000,0.4000000000,20,0.7000000000,14,50,0.2563104199
mean_token_entropy,0.6200000000,0.3800000000,19,0.6842105263,13,50,0.2506748762
mean_token_entropy,0.6400000000,0.3600000000,18,0.6666666667,12,50,0.2464367046
mean_token_entropy,0.6600000000,0.3400000000,17,0.6470588235,11,50,0.2460386705
mean_token_entropy,0.6800000000,0.3200000000,16,0.6250000000,10,50,0.2443772567
mean_token_entropy,0.7000000000,0.3000000000,15,0.6000000000,9,50,0.2413274692
mean_token_entropy,0.7200000000,0.2800000000,14,0.5714285714,8,50,0.2390741879
mean_token_entropy,0.7400000000,0.2600000000,13,0.6153846154,8,50,0.2331121598
mean_token_entropy,0.7600000000,0.2400000000,12,0.5833333333,7,50,0.2259467689
mean_token_entropy,0.7800000000,0.2200000000,11,0.5454545455,6,50,0.2254996854
mean_token_entropy,0.8000000000,0.2000000000,10,0.6000000000,6,50,0.2243710055
mean_token_entropy,0.8200000000,0.1800000000,9,0.5555555556,5,50,0.2226110016
mean_token_entropy,0.8400000000,0.1600000000,8,0.6250000000,5,50,0.2151159207
mean_token_entropy,0.8600000000,0.1400000000,7,0.5714285714,4,50,0.2128103421
mean_token_entropy,0.8800000000,0.1200000000,6,0.5000000000,3,50,0.2089762249
mean_token_entropy,0.9000000000,0.1000000000,5,0.6000000000,3,50,0.2001446474
mean_token_entropy,0.9200000000,0.0800000000,4,0.7500000000,3,50,0.1935976951
mean_token_entropy,0.9400000000,0.0600000000,3,0.6666666667,2,50,0.1812515379
mean_token_entropy,0.9600000000,0.0400000000,2,0.5000000000,1,50,0.1559718251
mean_token_entropy,0.9800000000,0.0200000000,1,0.0000000000,0,50,0.1484594745
