example_id,dataset,split,num_samples,num_clusters,cluster_sizes,discrete_semantic_entropy,normalized_discrete_semantic_entropy,likelihood_weighted_semantic_entropy,normalized_likelihood_weighted_semantic_entropy,predictive_entropy,mean_token_logprob,mean_normalized_nll,mean_token_entropy,clustering_method
10135926,pubmedqa,dev,5,2,"[4, 1]",0.5004024235,0.3109175071,0.4772140642,0.2965097693,0.2392140024,-0.2392140024,0.2392140024,0.2563104199,nli_bidirectional_entailment
10158597,pubmedqa,dev,5,1,[5],0.0000000000,0.0000000000,0.0000000000,0.0000000000,0.2825616696,-0.2825616696,0.2825616696,0.2694843678,nli_bidirectional_entailment
10173769,pubmedqa,dev,5,3,"[1, 1, 3]",0.9502705392,0.5904362833,0.9387244920,0.5832623208,0.3172797214,-0.3172797214,0.3172797214,0.2962273108,nli_bidirectional_entailment
10201555,pubmedqa,dev,5,1,[5],0.0000000000,0.0000000000,0.0000000000,0.0000000000,0.2221648988,-0.2221648988,0.2221648988,0.2243710055,nli_bidirectional_entailment
10223070,pubmedqa,dev,5,2,"[3, 2]",0.6730116670,0.4181656601,0.6819583890,0.4237245710,0.2111260060,-0.2111260060,0.2111260060,0.2089762249,nli_bidirectional_entailment
10331115,pubmedqa,dev,5,1,[5],0.0000000000,0.0000000000,0.0000000000,0.0000000000,0.2976302107,-0.2976302107,0.2976302107,0.2932987449,nli_bidirectional_entailment
10340286,pubmedqa,dev,5,3,"[3, 1, 1]",0.9502705392,0.5904362833,0.9543028628,0.5929417068,0.2248841647,-0.2248841647,0.2248841647,0.2254996854,nli_bidirectional_entailment
10354335,pubmedqa,dev,5,2,"[4, 1]",0.5004024235,0.3109175071,0.4944665307,0.3072293295,0.3186529388,-0.3186529388,0.3186529388,0.3328167715,nli_bidirectional_entailment
10375486,pubmedqa,dev,5,1,[5],0.0000000000,0.0000000000,0.0000000000,0.0000000000,0.2797305386,-0.2797305386,0.2797305386,0.2688257420,nli_bidirectional_entailment
10381996,pubmedqa,dev,5,1,[5],0.0000000000,0.0000000000,0.0000000000,0.0000000000,0.2263109958,-0.2263109958,0.2263109958,0.2460386705,nli_bidirectional_entailment
10401824,pubmedqa,dev,5,2,"[4, 1]",0.5004024235,0.3109175071,0.5091707894,0.3163655991,0.3159810357,-0.3159810357,0.3159810357,0.3086215872,nli_bidirectional_entailment
10411439,pubmedqa,dev,5,4,"[1, 1, 1, 2]",1.3321790402,0.8277293768,1.3458976921,0.8362532544,0.2762680983,-0.2762680983,0.2762680983,0.2921099946,nli_bidirectional_entailment
10430303,pubmedqa,dev,5,2,"[4, 1]",0.5004024235,0.3109175071,0.4905564905,0.3047998849,0.3025592561,-0.3025592561,0.3025592561,0.2871727787,nli_bidirectional_entailment
10456814,pubmedqa,dev,5,2,"[4, 1]",0.5004024235,0.3109175071,0.5089455325,0.3162256391,0.1531948250,-0.1531948250,0.1531948250,0.1484594745,nli_bidirectional_entailment
10473855,pubmedqa,dev,5,3,"[2, 2, 1]",1.0549201680,0.6554587535,1.0643426153,0.6613132492,0.3058250467,-0.3058250467,0.3058250467,0.3054473605,nli_bidirectional_entailment
10490564,pubmedqa,dev,5,4,"[1, 2, 1, 1]",1.3321790402,0.8277293768,1.3363214754,0.8303032164,0.2483130488,-0.2483130488,0.2483130488,0.2506748762,nli_bidirectional_entailment
10548670,pubmedqa,dev,5,2,"[4, 1]",0.5004024235,0.3109175071,0.4834160877,0.3003633032,0.2635478340,-0.2635478340,0.2635478340,0.2739681445,nli_bidirectional_entailment
10575390,pubmedqa,dev,5,2,"[2, 3]",0.6730116670,0.4181656601,0.6780448724,0.4212929664,0.2656422754,-0.2656422754,0.2656422754,0.2643272015,nli_bidirectional_entailment
10577397,pubmedqa,dev,5,3,"[3, 1, 1]",0.9502705392,0.5904362833,0.9355023837,0.5812603124,0.3127941323,-0.3127941323,0.3127941323,0.3106594335,nli_bidirectional_entailment
10593212,pubmedqa,dev,5,3,"[3, 1, 1]",0.9502705392,0.5904362833,0.9330030047,0.5797073609,0.2470964875,-0.2470964875,0.2470964875,0.2464367046,nli_bidirectional_entailment
10605400,pubmedqa,dev,5,3,"[3, 1, 1]",0.9502705392,0.5904362833,0.9171292191,0.5698444233,0.3706138049,-0.3706138049,0.3706138049,0.3520236273,nli_bidirectional_entailment
10732884,pubmedqa,dev,5,2,"[3, 2]",0.6730116670,0.4181656601,0.6776274491,0.4210336067,0.2450744390,-0.2450744390,0.2450744390,0.2413274692,nli_bidirectional_entailment
10749257,pubmedqa,dev,5,2,"[4, 1]",0.5004024235,0.3109175071,0.4944768682,0.3072357525,0.2030680882,-0.2030680882,0.2030680882,0.1935976951,nli_bidirectional_entailment
10757151,pubmedqa,dev,5,4,"[1, 1, 2, 1]",1.3321790402,0.8277293768,1.3259205179,0.8238407382,0.3467007069,-0.3467007069,0.3467007069,0.3451362936,nli_bidirectional_entailment
10759659,pubmedqa,dev,5,3,"[2, 1, 2]",1.0549201680,0.6554587535,1.0514485902,0.6533017410,0.2569311553,-0.2569311553,0.2569311553,0.2597522687,nli_bidirectional_entailment
10781708,pubmedqa,dev,5,2,"[1, 4]",0.5004024235,0.3109175071,0.4972733052,0.3089732765,0.3608392290,-0.3608392290,0.3608392290,0.3178245502,nli_bidirectional_entailment
10783841,pubmedqa,dev,5,1,[5],0.0000000000,0.0000000000,0.0000000000,0.0000000000,0.1892072480,-0.1892072480,0.1892072480,0.1812515379,nli_bidirectional_entailment
10798511,pubmedqa,dev,5,3,"[3, 1, 1]",0.9502705392,0.5904362833,0.9173534914,0.5699837715,0.4977967763,-0.4977967763,0.4977967763,0.4473980063,nli_bidirectional_entailment
10808977,pubmedqa,dev,5,2,"[4, 1]",0.5004024235,0.3109175071,0.5008300445,0.3111832029,0.2195783498,-0.2195783498,0.2195783498,0.2128103421,nli_bidirectional_entailment
10811329,pubmedqa,dev,5,4,"[2, 1, 1, 1]",1.3321790402,0.8277293768,1.3269985615,0.8245105643,0.1933351499,-0.1933351499,0.1933351499,0.2226110016,nli_bidirectional_entailment
10834864,pubmedqa,dev,5,1,[5],0.0000000000,0.0000000000,0.0000000000,0.0000000000,0.1602194848,-0.1602194848,0.1602194848,0.1559718251,nli_bidirectional_entailment
10877371,pubmedqa,dev,5,1,[5],0.0000000000,0.0000000000,0.0000000000,0.0000000000,0.2413601014,-0.2413601014,0.2413601014,0.2331121598,nli_bidirectional_entailment
10922093,pubmedqa,dev,5,4,"[2, 1, 1, 1]",1.3321790402,0.8277293768,1.3442103997,0.8352048807,0.2549669494,-0.2549669494,0.2549669494,0.2443772567,nli_bidirectional_entailment
10927144,pubmedqa,dev,5,2,"[4, 1]",0.5004024235,0.3109175071,0.4767817793,0.2962411757,0.2186233865,-0.2186233865,0.2186233865,0.2151159207,nli_bidirectional_entailment
10966337,pubmedqa,dev,5,1,[5],0.0000000000,0.0000000000,0.0000000000,0.0000000000,0.3088973925,-0.3088973925,0.3088973925,0.2908070390,nli_bidirectional_entailment
10966943,pubmedqa,dev,5,1,[5],0.0000000000,0.0000000000,0.0000000000,0.0000000000,0.3065164469,-0.3065164469,0.3065164469,0.2964512697,nli_bidirectional_entailment
10973547,pubmedqa,dev,5,2,"[4, 1]",0.5004024235,0.3109175071,0.4970831003,0.3088550956,0.3071626038,-0.3071626038,0.3071626038,0.3124855984,nli_bidirectional_entailment
11034241,pubmedqa,dev,5,3,"[3, 1, 1]",0.9502705392,0.5904362833,0.9351708787,0.5810543367,0.2937169216,-0.2937169216,0.2937169216,0.2883715323,nli_bidirectional_entailment
11035130,pubmedqa,dev,5,4,"[1, 1, 2, 1]",1.3321790402,0.8277293768,1.3398335624,0.8324853988,0.3534647570,-0.3534647570,0.3534647570,0.3384427142,nli_bidirectional_entailment
11053064,pubmedqa,dev,5,3,"[2, 2, 1]",1.0549201680,0.6554587535,1.0603100419,0.6588076705,0.2611183591,-0.2611183591,0.2611183591,0.2576603829,nli_bidirectional_entailment
11079675,pubmedqa,dev,5,2,"[3, 2]",0.6730116670,0.4181656601,0.6729122801,0.4181039075,0.3193285563,-0.3193285563,0.3193285563,0.3095825379,nli_bidirectional_entailment
11138995,pubmedqa,dev,5,3,"[1, 2, 2]",1.0549201680,0.6554587535,1.0611470666,0.6593277432,0.2231379493,-0.2231379493,0.2231379493,0.2259467689,nli_bidirectional_entailment
11146778,pubmedqa,dev,5,1,[5],0.0000000000,0.0000000000,0.0000000000,0.0000000000,0.3592872976,-0.3592872976,0.3592872976,0.3680289832,nli_bidirectional_entailment
11149643,pubmedqa,dev,5,3,"[3, 1, 1]",0.9502705392,0.5904362833,0.9198093384,0.5715096751,0.2579376351,-0.2579376351,0.2579376351,0.2390741879,nli_bidirectional_entailment
11247896,pubmedqa,dev,5,3,"[3, 1, 1]",0.9502705392,0.5904362833,0.9552850156,0.5935519526,0.4331302193,-0.4331302193,0.4331302193,0.4250974479,nli_bidirectional_entailment
11296674,pubmedqa,dev,5,1,[5],0.0000000000,0.0000000000,0.0000000000,0.0000000000,0.4102854401,-0.4102854401,0.4102854401,0.4159009432,nli_bidirectional_entailment
11334578,pubmedqa,dev,5,3,"[3, 1, 1]",0.9502705392,0.5904362833,0.9552752269,0.5935458706,0.3025388187,-0.3025388187,0.3025388187,0.3248357538,nli_bidirectional_entailment
11340218,pubmedqa,dev,5,2,"[4, 1]",0.5004024235,0.3109175071,0.4903419109,0.3046665591,0.2743426052,-0.2743426052,0.2743426052,0.2764813542,nli_bidirectional_entailment
11380492,pubmedqa,dev,5,3,"[3, 1, 1]",0.9502705392,0.5904362833,0.9456502222,0.5875655189,0.3129840726,-0.3129840726,0.3129840726,0.3115900768,nli_bidirectional_entailment
11411430,pubmedqa,dev,5,2,"[4, 1]",0.5004024235,0.3109175071,0.5072442201,0.3151685543,0.2162304402,-0.2162304402,0.2162304402,0.2001446474,nli_bidirectional_entailment
